Date,Bitcoin
2015-01-01,3.0
2015-01-02,3.0
2015-01-03,3.0
2015-01-04,3.0
2015-01-05,3.0
2015-01-06,3.0
2015-01-07,3.0
2015-01-08,3.0
2015-01-09,3.0
2015-01-10,3.0
2015-01-11,3.0
2015-01-12,3.0
2015-01-13,3.0
2015-01-14,3.0
2015-01-15,3.0
2015-01-16,3.0
2015-01-17,3.0
2015-01-18,3.0
2015-01-19,3.0
2015-01-20,3.0
2015-01-21,3.0
2015-01-22,3.0
2015-01-23,3.0
2015-01-24,3.0
2015-01-25,3.0
2015-01-26,3.0
2015-01-27,3.0
2015-01-28,3.0
2015-01-29,3.0
2015-01-30,3.0
2015-01-31,3.0
2015-02-01,2.0
2015-02-02,2.125
2015-02-03,2.125
2015-02-04,0.75
2015-02-05,0.875
2015-02-06,1.1875
2015-02-07,1.25
2015-02-08,1.75
2015-02-09,1.4375
2015-02-10,1.3125
2015-02-11,1.25
2015-02-12,0.9375
2015-02-13,1.0
2015-02-14,1.625
2015-02-15,1.3125
2015-02-16,1.3125
2015-02-17,1.5625
2015-02-18,1.5625
2015-02-19,1.0
2015-02-20,0.0
2015-02-21,0.3125
2015-02-22,1.9375
2015-02-23,1.4375
2015-02-24,1.625
2015-02-25,1.5
2015-02-26,2.1875
2015-02-27,1.5
2015-02-28,1.75
2015-03-01,2.0
2015-03-02,2.0
2015-03-03,2.0
2015-03-04,2.0
2015-03-05,2.0
2015-03-06,2.0
2015-03-07,2.0
2015-03-08,2.0
2015-03-09,2.0
2015-03-10,2.0
2015-03-11,2.0
2015-03-12,2.0
2015-03-13,2.0
2015-03-14,2.0
2015-03-15,2.0
2015-03-16,2.0
2015-03-17,2.0
2015-03-18,2.0
2015-03-19,2.0
2015-03-20,2.0
2015-03-21,2.0
2015-03-22,2.0
2015-03-23,2.0
2015-03-24,2.0
2015-03-25,2.0
2015-03-26,2.0
2015-03-27,2.0
2015-03-28,2.0
2015-03-29,2.0
2015-03-30,2.0
2015-03-31,2.0
2015-04-01,2.0
2015-04-02,2.0
2015-04-03,2.0
2015-04-04,2.0
2015-04-05,2.0
2015-04-06,2.0
2015-04-07,2.0
2015-04-08,2.0
2015-04-09,2.0
2015-04-10,2.0
2015-04-11,2.0
2015-04-12,2.0
2015-04-13,2.0
2015-04-14,2.0
2015-04-15,2.0
2015-04-16,2.0
2015-04-17,2.0
2015-04-18,2.0
2015-04-19,2.0
2015-04-20,2.0
2015-04-21,2.0
2015-04-22,2.0
2015-04-23,2.0
2015-04-24,2.0
2015-04-25,2.0
2015-04-26,2.0
2015-04-27,2.0
2015-04-28,2.0
2015-04-29,2.0
2015-04-30,2.0
2015-05-01,2.0
2015-05-02,2.0
2015-05-03,2.0
2015-05-04,2.0
2015-05-05,2.0
2015-05-06,2.0
2015-05-07,2.0
2015-05-08,2.0
2015-05-09,2.0
2015-05-10,2.0
2015-05-11,2.0
2015-05-12,2.0
2015-05-13,2.0
2015-05-14,2.0
2015-05-15,2.0
2015-05-16,2.0
2015-05-17,2.0
2015-05-18,2.0
2015-05-19,2.0
2015-05-20,2.0
2015-05-21,2.0
2015-05-22,2.0
2015-05-23,2.0
2015-05-24,2.0
2015-05-25,2.0
2015-05-26,2.0
2015-05-27,2.0
2015-05-28,2.0
2015-05-29,2.0
2015-05-30,2.0
2015-05-31,2.0
2015-06-01,2.0
2015-06-02,2.0
2015-06-03,2.0
2015-06-04,2.0
2015-06-05,2.0
2015-06-06,2.0
2015-06-07,2.0
2015-06-08,2.0
2015-06-09,2.0
2015-06-10,2.0
2015-06-11,2.0
2015-06-12,2.0
2015-06-13,2.0
2015-06-14,2.0
2015-06-15,2.0
2015-06-16,2.0
2015-06-17,2.0
2015-06-18,2.0
2015-06-19,2.0
2015-06-20,2.0
2015-06-21,2.0
2015-06-22,2.0
2015-06-23,2.0
2015-06-24,2.0
2015-06-25,2.0
2015-06-26,2.0
2015-06-27,2.0
2015-06-28,2.0
2015-06-29,2.0
2015-06-30,2.0
2015-07-01,2.0
2015-07-02,2.0
2015-07-03,2.0
2015-07-04,2.0
2015-07-05,2.0
2015-07-06,2.0
2015-07-07,2.0
2015-07-08,2.0
2015-07-09,2.0
2015-07-10,2.0
2015-07-11,2.0
2015-07-12,2.0
2015-07-13,2.0
2015-07-14,2.0
2015-07-15,2.0
2015-07-16,2.0
2015-07-17,2.0
2015-07-18,2.0
2015-07-19,2.0
2015-07-20,2.0
2015-07-21,2.0
2015-07-22,2.0
2015-07-23,2.0
2015-07-24,2.0
2015-07-25,2.0
2015-07-26,2.0
2015-07-27,2.0
2015-07-28,2.0
2015-07-29,2.0
2015-07-30,2.0
2015-07-31,2.0
2015-08-01,2.0
2015-08-02,2.0
2015-08-03,2.0
2015-08-04,2.0
2015-08-05,2.0
2015-08-06,2.0
2015-08-07,2.0
2015-08-08,2.0
2015-08-09,2.0
2015-08-10,2.0
2015-08-11,2.0
2015-08-12,2.0
2015-08-13,2.0
2015-08-14,2.0
2015-08-15,2.0
2015-08-16,2.0
2015-08-17,2.0
2015-08-18,2.0
2015-08-19,2.0
2015-08-20,2.0
2015-08-21,2.0
2015-08-22,2.0
2015-08-23,2.0
2015-08-24,2.0
2015-08-25,2.0
2015-08-26,2.0
2015-08-27,2.0
2015-08-28,2.0
2015-08-29,2.0
2015-08-30,2.0
2015-08-31,2.0
2015-09-01,2.0
2015-09-02,2.0
2015-09-03,2.0
2015-09-04,2.0
2015-09-05,2.0
2015-09-06,2.0
2015-09-07,2.0
2015-09-08,2.0
2015-09-09,2.0
2015-09-10,2.0
2015-09-11,2.0
2015-09-12,2.0
2015-09-13,2.0
2015-09-14,2.0
2015-09-15,2.0
2015-09-16,2.0
2015-09-17,2.0
2015-09-18,2.0
2015-09-19,2.0
2015-09-20,2.0
2015-09-21,2.0
2015-09-22,2.0
2015-09-23,2.0
2015-09-24,2.0
2015-09-25,2.0
2015-09-26,2.0
2015-09-27,2.0
2015-09-28,2.0
2015-09-29,2.0
2015-09-30,2.0
2015-10-01,3.0
2015-10-02,3.1052631578947367
2015-10-03,3.1578947368421053
2015-10-04,2.894736842105263
2015-10-05,3.2105263157894735
2015-10-06,3.026315789473684
2015-10-07,3.3157894736842106
2015-10-08,3.552631578947368
2015-10-09,3.3157894736842106
2015-10-10,2.8421052631578947
2015-10-11,3.0
2015-10-12,3.026315789473684
2015-10-13,3.026315789473684
2015-10-14,3.4210526315789473
2015-10-15,3.289473684210526
2015-10-16,3.1578947368421053
2015-10-17,3.2105263157894735
2015-10-18,2.894736842105263
2015-10-19,2.894736842105263
2015-10-20,3.263157894736842
2015-10-21,3.289473684210526
2015-10-22,3.6842105263157894
2015-10-23,3.3157894736842106
2015-10-24,3.052631578947368
2015-10-25,3.2368421052631575
2015-10-26,3.3421052631578947
2015-10-27,3.789473684210526
2015-10-28,3.6578947368421053
2015-10-29,3.763157894736842
2015-10-30,4.052631578947368
2015-10-31,4.0
2015-11-01,3.0
2015-11-02,3.0
2015-11-03,3.0
2015-11-04,3.0
2015-11-05,3.0
2015-11-06,3.0
2015-11-07,3.0
2015-11-08,3.0
2015-11-09,3.0
2015-11-10,3.0
2015-11-11,3.0
2015-11-12,3.0
2015-11-13,3.0
2015-11-14,3.0
2015-11-15,3.0
2015-11-16,3.0
2015-11-17,3.0
2015-11-18,3.0
2015-11-19,3.0
2015-11-20,3.0
2015-11-21,3.0
2015-11-22,3.0
2015-11-23,3.0
2015-11-24,3.0
2015-11-25,3.0
2015-11-26,3.0
2015-11-27,3.0
2015-11-28,3.0
2015-11-29,3.0
2015-11-30,3.0
2015-12-01,3.0
2015-12-02,3.0
2015-12-03,3.0
2015-12-04,3.0
2015-12-05,3.0
2015-12-06,3.0
2015-12-07,3.0
2015-12-08,3.0
2015-12-09,3.0
2015-12-10,3.0
2015-12-11,3.0
2015-12-12,3.0
2015-12-13,3.0
2015-12-14,3.0
2015-12-15,3.0
2015-12-16,3.0
2015-12-17,3.0
2015-12-18,3.0
2015-12-19,3.0
2015-12-20,3.0
2015-12-21,3.0
2015-12-22,3.0
2015-12-23,3.0
2015-12-24,3.0
2015-12-25,3.0
2015-12-26,3.0
2015-12-27,3.0
2015-12-28,3.0
2015-12-29,3.0
2015-12-30,3.0
2015-12-31,3.0
2016-01-01,2.0
2016-01-02,2.166666666666666
2016-01-03,1.0
2016-01-04,0.0
2016-01-05,0.3333333333333339
2016-01-06,0.0
2016-01-07,0.0
2016-01-08,0.0
2016-01-09,0.0
2016-01-10,0.5
2016-01-11,1.0
2016-01-12,1.166666666666666
2016-01-13,0.0
2016-01-14,0.8333333333333339
2016-01-15,0.0
2016-01-16,0.0
2016-01-17,0.0
2016-01-18,0.0
2016-01-19,0.0
2016-01-20,0.0
2016-01-21,0.0
2016-01-22,0.0
2016-01-23,0.16666666666666607
2016-01-24,0.0
2016-01-25,1.166666666666666
2016-01-26,1.666666666666666
2016-01-27,1.333333333333333
2016-01-28,1.833333333333333
2016-01-29,0.0
2016-01-30,0.8333333333333339
2016-01-31,0.0
2016-02-01,2.0
2016-02-02,2.0
2016-02-03,2.0
2016-02-04,2.0
2016-02-05,2.0
2016-02-06,2.0
2016-02-07,2.0
2016-02-08,2.0
2016-02-09,2.0
2016-02-10,2.0
2016-02-11,2.0
2016-02-12,2.0
2016-02-13,2.0
2016-02-14,2.0
2016-02-15,2.0
2016-02-16,2.0
2016-02-17,2.0
2016-02-18,2.0
2016-02-19,2.0
2016-02-20,2.0
2016-02-21,2.0
2016-02-22,2.0
2016-02-23,2.0
2016-02-24,2.0
2016-02-25,2.0
2016-02-26,2.0
2016-02-27,2.0
2016-02-28,2.0
2016-02-29,2.0
2016-03-01,2.0
2016-03-02,2.0
2016-03-03,2.0
2016-03-04,2.0
2016-03-05,2.0
2016-03-06,2.0
2016-03-07,2.0
2016-03-08,2.0
2016-03-09,2.0
2016-03-10,2.0
2016-03-11,2.0
2016-03-12,2.0
2016-03-13,2.0
2016-03-14,2.0
2016-03-15,2.0
2016-03-16,2.0
2016-03-17,2.0
2016-03-18,2.0
2016-03-19,2.0
2016-03-20,2.0
2016-03-21,2.0
2016-03-22,2.0
2016-03-23,2.0
2016-03-24,2.0
2016-03-25,2.0
2016-03-26,2.0
2016-03-27,2.0
2016-03-28,2.0
2016-03-29,2.0
2016-03-30,2.0
2016-03-31,2.0
2016-04-01,3.0
2016-04-02,3.25
2016-04-03,4.15
2016-04-04,3.7499999999999996
2016-04-05,3.6
2016-04-06,3.55
2016-04-07,4.199999999999999
2016-04-08,3.6
2016-04-09,3.4
2016-04-10,3.85
2016-04-11,4.15
2016-04-12,3.25
2016-04-13,3.55
2016-04-14,3.9499999999999997
2016-04-15,3.6
2016-04-16,3.6
2016-04-17,3.15
2016-04-18,3.9
2016-04-19,4.050000000000001
2016-04-20,3.6999999999999997
2016-04-21,4.15
2016-04-22,4.6
2016-04-23,3.8000000000000003
2016-04-24,4.35
2016-04-25,4.4
2016-04-26,4.25
2016-04-27,4.699999999999999
2016-04-28,4.25
2016-04-29,3.35
2016-04-30,4.199999999999999
2016-05-01,4.0
2016-05-02,8.785714285714285
2016-05-03,6.071428571428571
2016-05-04,4.928571428571429
2016-05-05,5.357142857142857
2016-05-06,4.571428571428571
2016-05-07,4.5
2016-05-08,4.5
2016-05-09,4.7142857142857135
2016-05-10,4.7142857142857135
2016-05-11,3.642857142857143
2016-05-12,4.285714285714286
2016-05-13,4.0
2016-05-14,3.7857142857142856
2016-05-15,3.8571428571428568
2016-05-16,4.0
2016-05-17,4.142857142857142
2016-05-18,3.7857142857142856
2016-05-19,4.142857142857142
2016-05-20,3.7857142857142856
2016-05-21,3.9285714285714284
2016-05-22,3.714285714285714
2016-05-23,3.8571428571428568
2016-05-24,3.7857142857142856
2016-05-25,3.642857142857143
2016-05-26,4.142857142857142
2016-05-27,4.785714285714286
2016-05-28,4.785714285714286
2016-05-29,5.857142857142858
2016-05-30,5.785714285714285
2016-05-31,5.142857142857142
2016-06-01,2.999999999999999
2016-06-02,4.166666666666666
2016-06-03,2.499999999999999
2016-06-04,3.333333333333332
2016-06-05,3.833333333333332
2016-06-06,2.499999999999999
2016-06-07,3.166666666666666
2016-06-08,4.833333333333332
2016-06-09,3.499999999999999
2016-06-10,2.999999999999999
2016-06-11,4.499999999999999
2016-06-12,0.0
2016-06-13,0.0
2016-06-14,0.6666666666666661
2016-06-15,0.16666666666666607
2016-06-16,0.0
2016-06-17,0.0
2016-06-18,0.16666666666666607
2016-06-19,1.9999999999999991
2016-06-20,1.5
2016-06-21,0.0
2016-06-22,0.5
2016-06-23,0.0
2016-06-24,0.0
2016-06-25,0.16666666666666607
2016-06-26,0.5
2016-06-27,0.6666666666666661
2016-06-28,1.666666666666666
2016-06-29,2.999999999999999
2016-06-30,2.166666666666666
2016-07-01,2.0
2016-07-02,1.6666666666666665
2016-07-03,1.7777777777777777
2016-07-04,1.5
2016-07-05,1.6666666666666665
2016-07-06,2.0
2016-07-07,2.111111111111111
2016-07-08,2.111111111111111
2016-07-09,4.111111111111111
2016-07-10,1.8888888888888888
2016-07-11,1.7222222222222223
2016-07-12,1.8888888888888888
2016-07-13,1.4444444444444446
2016-07-14,1.3333333333333335
2016-07-15,1.9444444444444446
2016-07-16,0.8888888888888888
2016-07-17,1.8333333333333335
2016-07-18,1.1111111111111112
2016-07-19,1.1111111111111112
2016-07-20,1.5555555555555558
2016-07-21,1.2222222222222223
2016-07-22,1.2777777777777777
2016-07-23,1.0
2016-07-24,0.38888888888888906
2016-07-25,1.0
2016-07-26,1.5555555555555558
2016-07-27,1.5555555555555558
2016-07-28,0.9444444444444446
2016-07-29,1.1111111111111112
2016-07-30,1.0555555555555558
2016-07-31,0.7777777777777781
2016-08-01,2.0
2016-08-02,2.0
2016-08-03,2.0
2016-08-04,2.0
2016-08-05,2.0
2016-08-06,2.0
2016-08-07,2.0
2016-08-08,2.0
2016-08-09,2.0
2016-08-10,2.0
2016-08-11,2.0
2016-08-12,2.0
2016-08-13,2.0
2016-08-14,2.0
2016-08-15,2.0
2016-08-16,2.0
2016-08-17,2.0
2016-08-18,2.0
2016-08-19,2.0
2016-08-20,2.0
2016-08-21,2.0
2016-08-22,2.0
2016-08-23,2.0
2016-08-24,2.0
2016-08-25,2.0
2016-08-26,2.0
2016-08-27,2.0
2016-08-28,2.0
2016-08-29,2.0
2016-08-30,2.0
2016-08-31,2.0
2016-09-01,2.0
2016-09-02,2.0
2016-09-03,2.0
2016-09-04,2.0
2016-09-05,2.0
2016-09-06,2.0
2016-09-07,2.0
2016-09-08,2.0
2016-09-09,2.0
2016-09-10,2.0
2016-09-11,2.0
2016-09-12,2.0
2016-09-13,2.0
2016-09-14,2.0
2016-09-15,2.0
2016-09-16,2.0
2016-09-17,2.0
2016-09-18,2.0
2016-09-19,2.0
2016-09-20,2.0
2016-09-21,2.0
2016-09-22,2.0
2016-09-23,2.0
2016-09-24,2.0
2016-09-25,2.0
2016-09-26,2.0
2016-09-27,2.0
2016-09-28,2.0
2016-09-29,2.0
2016-09-30,2.0
2016-10-01,3.0
2016-10-02,2.095238095238095
2016-10-03,2.380952380952381
2016-10-04,2.619047619047619
2016-10-05,2.380952380952381
2016-10-06,2.2857142857142856
2016-10-07,2.1904761904761902
2016-10-08,2.6666666666666665
2016-10-09,2.5238095238095237
2016-10-10,2.2857142857142856
2016-10-11,3.1904761904761902
2016-10-12,3.095238095238095
2016-10-13,3.0
2016-10-14,2.571428571428571
2016-10-15,2.952380952380952
2016-10-16,2.5238095238095237
2016-10-17,2.4285714285714284
2016-10-18,2.4761904761904763
2016-10-19,2.714285714285714
2016-10-20,3.0476190476190474
2016-10-21,2.333333333333333
2016-10-22,2.571428571428571
2016-10-23,3.2857142857142856
2016-10-24,2.380952380952381
2016-10-25,2.095238095238095
2016-10-26,3.6190476190476186
2016-10-27,3.6190476190476186
2016-10-28,3.238095238095238
2016-10-29,3.666666666666666
2016-10-30,3.571428571428571
2016-10-31,3.1904761904761902
2016-11-01,3.0
2016-11-02,3.0
2016-11-03,3.0
2016-11-04,3.0
2016-11-05,3.0
2016-11-06,3.0
2016-11-07,3.0
2016-11-08,3.0
2016-11-09,3.0
2016-11-10,3.0
2016-11-11,3.0
2016-11-12,3.0
2016-11-13,3.0
2016-11-14,3.0
2016-11-15,3.0
2016-11-16,3.0
2016-11-17,3.0
2016-11-18,3.0
2016-11-19,3.0
2016-11-20,3.0
2016-11-21,3.0
2016-11-22,3.0
2016-11-23,3.0
2016-11-24,3.0
2016-11-25,3.0
2016-11-26,3.0
2016-11-27,3.0
2016-11-28,3.0
2016-11-29,3.0
2016-11-30,3.0
2016-12-01,5.0
2016-12-02,5.08695652173913
2016-12-03,4.217391304347826
2016-12-04,4.130434782608695
2016-12-05,4.739130434782608
2016-12-06,5.173913043478261
2016-12-07,4.913043478260869
2016-12-08,4.478260869565217
2016-12-09,4.130434782608695
2016-12-10,4.913043478260869
2016-12-11,4.304347826086956
2016-12-12,4.913043478260869
2016-12-13,5.173913043478261
2016-12-14,4.391304347826087
2016-12-15,4.913043478260869
2016-12-16,4.739130434782608
2016-12-17,4.652173913043478
2016-12-18,4.652173913043478
2016-12-19,5.3478260869565215
2016-12-20,4.739130434782608
2016-12-21,6.304347826086956
2016-12-22,7.782608695652174
2016-12-23,9.26086956521739
2016-12-24,6.826086956521738
2016-12-25,7.521739130434782
2016-12-26,7.08695652173913
2016-12-27,6.652173913043478
2016-12-28,9.0
2016-12-29,8.130434782608695
2016-12-30,8.130434782608695
2016-12-31,6.652173913043478
2017-01-01,4.0
2017-01-02,0.0
2017-01-03,0.0
2017-01-04,0.0
2017-01-05,0.0
2017-01-06,0.0
2017-01-07,0.0
2017-01-08,0.0
2017-01-09,0.0
2017-01-10,1.0
2017-01-11,0.0
2017-01-12,0.0
2017-01-13,0.0
2017-01-14,0.0
2017-01-15,7.0
2017-01-16,3.0
2017-01-17,0.0
2017-01-18,0.0
2017-01-19,7.0
2017-01-20,7.0
2017-01-21,10.0
2017-01-22,10.0
2017-01-23,7.0
2017-01-24,8.0
2017-01-25,6.0
2017-01-26,6.0
2017-01-27,9.0
2017-01-28,12.0
2017-01-29,14.0
2017-01-30,12.0
2017-01-31,3.0
2017-02-01,5.0
2017-02-02,6.0
2017-02-03,7.428571428571429
2017-02-04,6.142857142857142
2017-02-05,5.571428571428571
2017-02-06,4.428571428571429
2017-02-07,5.0
2017-02-08,5.7142857142857135
2017-02-09,8.428571428571429
2017-02-10,5.7142857142857135
2017-02-11,5.7142857142857135
2017-02-12,4.428571428571429
2017-02-13,4.0
2017-02-14,3.428571428571429
2017-02-15,4.571428571428571
2017-02-16,4.428571428571429
2017-02-17,5.0
2017-02-18,4.285714285714285
2017-02-19,3.0
2017-02-20,3.428571428571429
2017-02-21,8.0
2017-02-22,7.428571428571429
2017-02-23,8.142857142857142
2017-02-24,9.714285714285714
2017-02-25,6.142857142857142
2017-02-26,5.571428571428571
2017-02-27,6.7142857142857135
2017-02-28,7.0
2017-03-01,4.0
2017-03-02,4.7333333333333325
2017-03-03,5.266666666666666
2017-03-04,4.466666666666667
2017-03-05,3.6
2017-03-06,4.266666666666667
2017-03-07,4.0
2017-03-08,4.333333333333333
2017-03-09,4.466666666666667
2017-03-10,7.066666666666666
2017-03-11,5.266666666666666
2017-03-12,3.7333333333333334
2017-03-13,3.8666666666666667
2017-03-14,3.4
2017-03-15,3.8
2017-03-16,3.6666666666666665
2017-03-17,4.133333333333333
2017-03-18,4.800000000000001
2017-03-19,4.199999999999999
2017-03-20,3.8
2017-03-21,3.333333333333333
2017-03-22,3.4666666666666663
2017-03-23,3.4666666666666663
2017-03-24,4.266666666666667
2017-03-25,4.066666666666666
2017-03-26,3.4
2017-03-27,3.8
2017-03-28,3.1999999999999997
2017-03-29,3.2666666666666666
2017-03-30,2.933333333333333
2017-03-31,3.2666666666666666
2017-04-01,11.0
2017-04-02,11.368421052631579
2017-04-03,14.31578947368421
2017-04-04,14.68421052631579
2017-04-05,14.31578947368421
2017-04-06,16.157894736842103
2017-04-07,15.052631578947368
2017-04-08,12.473684210526315
2017-04-09,13.394736842105264
2017-04-10,13.578947368421053
2017-04-11,14.5
2017-04-12,15.421052631578947
2017-04-13,15.236842105263158
2017-04-14,12.289473684210526
2017-04-15,11.18421052631579
2017-04-16,12.289473684210526
2017-04-17,14.868421052631579
2017-04-18,14.31578947368421
2017-04-19,14.31578947368421
2017-04-20,14.5
2017-04-21,14.131578947368421
2017-04-22,14.31578947368421
2017-04-23,12.105263157894736
2017-04-24,13.578947368421053
2017-04-25,14.68421052631579
2017-04-26,17.44736842105263
2017-04-27,17.263157894736842
2017-04-28,15.605263157894738
2017-04-29,16.157894736842103
2017-04-30,14.68421052631579
2017-05-01,11.0
2017-05-02,11.0
2017-05-03,11.0
2017-05-04,11.0
2017-05-05,11.0
2017-05-06,11.0
2017-05-07,11.0
2017-05-08,11.0
2017-05-09,11.0
2017-05-10,11.0
2017-05-11,11.0
2017-05-12,11.0
2017-05-13,11.0
2017-05-14,11.0
2017-05-15,11.0
2017-05-16,11.0
2017-05-17,11.0
2017-05-18,11.0
2017-05-19,11.0
2017-05-20,11.0
2017-05-21,11.0
2017-05-22,11.0
2017-05-23,11.0
2017-05-24,11.0
2017-05-25,11.0
2017-05-26,11.0
2017-05-27,11.0
2017-05-28,11.0
2017-05-29,11.0
2017-05-30,11.0
2017-05-31,11.0
2017-06-01,9.0
2017-06-02,8.375
2017-06-03,8.375
2017-06-04,7.9375
2017-06-05,8.5
2017-06-06,10.75
2017-06-07,9.9375
2017-06-08,8.9375
2017-06-09,8.6875
2017-06-10,8.4375
2017-06-11,8.75
2017-06-12,10.5
2017-06-13,9.4375
2017-06-14,9.1875
2017-06-15,10.375
2017-06-16,9.1875
2017-06-17,8.25
2017-06-18,7.9375
2017-06-19,8.125
2017-06-20,8.6875
2017-06-21,8.9375
2017-06-22,8.8125
2017-06-23,8.1875
2017-06-24,7.6875
2017-06-25,7.4375
2017-06-26,8.5625
2017-06-27,9.125
2017-06-28,9.125
2017-06-29,8.125
2017-06-30,7.125
2017-07-01,15.0
2017-07-02,15.67605633802817
2017-07-03,15.507042253521128
2017-07-04,15.253521126760564
2017-07-05,15.507042253521128
2017-07-06,15.929577464788732
2017-07-07,15.253521126760564
2017-07-08,15.253521126760564
2017-07-09,15.084507042253522
2017-07-10,15.929577464788732
2017-07-11,16.098591549295776
2017-07-12,16.183098591549296
2017-07-13,15.929577464788732
2017-07-14,15.760563380281692
2017-07-15,16.014084507042256
2017-07-16,16.943661971830984
2017-07-17,16.35211267605634
2017-07-18,16.943661971830984
2017-07-19,16.35211267605634
2017-07-20,16.943661971830984
2017-07-21,16.943661971830984
2017-07-22,15.760563380281692
2017-07-23,15.929577464788732
2017-07-24,16.014084507042256
2017-07-25,16.43661971830986
2017-07-26,16.52112676056338
2017-07-27,15.845070422535212
2017-07-28,16.943661971830984
2017-07-29,16.52112676056338
2017-07-30,16.014084507042256
2017-07-31,16.859154929577464
2017-08-01,14.0
2017-08-02,13.0625
2017-08-03,11.3125
2017-08-04,11.0625
2017-08-05,12.375
2017-08-06,11.0
2017-08-07,11.8125
2017-08-08,11.8125
2017-08-09,11.6875
2017-08-10,11.125
2017-08-11,11.625
2017-08-12,12.4375
2017-08-13,13.5625
2017-08-14,14.125
2017-08-15,14.1875
2017-08-16,12.9375
2017-08-17,12.75
2017-08-18,12.6875
2017-08-19,12.125
2017-08-20,11.8125
2017-08-21,11.4375
2017-08-22,12.75
2017-08-23,12.0625
2017-08-24,11.5625
2017-08-25,12.0625
2017-08-26,11.25
2017-08-27,10.875
2017-08-28,11.0625
2017-08-29,12.0
2017-08-30,12.125
2017-08-31,12.0625
2017-09-01,15.999999999999998
2017-09-02,16.2
2017-09-03,16.799999999999997
2017-09-04,15.933333333333332
2017-09-05,16.133333333333333
2017-09-06,17.066666666666663
2017-09-07,17.4
2017-09-08,16.799999999999997
2017-09-09,17.666666666666664
2017-09-10,17.93333333333333
2017-09-11,17.333333333333332
2017-09-12,16.93333333333333
2017-09-13,15.133333333333331
2017-09-14,13.866666666666664
2017-09-15,14.133333333333331
2017-09-16,16.666666666666664
2017-09-17,17.466666666666665
2017-09-18,16.599999999999998
2017-09-19,16.866666666666664
2017-09-20,17.466666666666665
2017-09-21,17.133333333333333
2017-09-22,17.4
2017-09-23,18.0
2017-09-24,18.2
2017-09-25,17.799999999999997
2017-09-26,17.866666666666664
2017-09-27,17.799999999999997
2017-09-28,17.73333333333333
2017-09-29,17.73333333333333
2017-09-30,17.799999999999997
2017-10-01,38.0
2017-10-02,38.6875
2017-10-03,39.375
2017-10-04,38.34375
2017-10-05,37.65625
2017-10-06,37.65625
2017-10-07,36.625
2017-10-08,37.65625
2017-10-09,42.125
2017-10-10,42.125
2017-10-11,41.78125
2017-10-12,51.40625
2017-10-13,58.625
2017-10-14,47.625
2017-10-15,46.59375
2017-10-16,45.90625
2017-10-17,45.5625
2017-10-18,46.25
2017-10-19,44.53125
2017-10-20,51.40625
2017-10-21,52.4375
2017-10-22,45.21875
2017-10-23,49.34375
2017-10-24,50.71875
2017-10-25,48.65625
2017-10-26,47.625
2017-10-27,45.5625
2017-10-28,43.5
2017-10-29,45.21875
2017-10-30,47.96875
2017-10-31,54.15625
2017-11-01,100.0
2017-11-02,115.08108108108108
2017-11-03,106.70270270270271
2017-11-04,98.32432432432432
2017-11-05,94.97297297297297
2017-11-06,100.0
2017-11-07,96.64864864864865
2017-11-08,101.67567567567568
2017-11-09,98.32432432432432
2017-11-10,110.05405405405406
2017-11-11,103.35135135135135
2017-11-12,115.08108108108108
2017-11-13,110.05405405405406
2017-11-14,98.32432432432432
2017-11-15,98.32432432432432
2017-11-16,101.67567567567568
2017-11-17,111.72972972972974
2017-11-18,100.0
2017-11-19,94.97297297297297
2017-11-20,105.02702702702703
2017-11-21,108.37837837837839
2017-11-22,100.0
2017-11-23,96.64864864864865
2017-11-24,96.64864864864865
2017-11-25,98.32432432432432
2017-11-26,123.45945945945945
2017-11-27,140.21621621621622
2017-11-28,151.94594594594594
2017-11-29,230.7027027027027
2017-11-30,192.16216216216216
2017-12-01,48.0
2017-12-02,18.75
2017-12-03,12.25
2017-12-04,28.5
2017-12-05,28.5
2017-12-06,70.75
2017-12-07,256.0
2017-12-08,210.5
2017-12-09,109.75
2017-12-10,100.0
2017-12-11,122.75
2017-12-12,116.25
2017-12-13,93.5
2017-12-14,64.25
2017-12-15,51.25
2017-12-16,57.75
2017-12-17,64.25
2017-12-18,77.25
2017-12-19,77.25
2017-12-20,155.25
2017-12-21,87.0
2017-12-22,243.0
2017-12-23,116.25
2017-12-24,61.0
2017-12-25,38.25
2017-12-26,41.5
2017-12-27,35.0
2017-12-28,38.25
2017-12-29,25.25
2017-12-30,22.0
2017-12-31,5.75
2018-01-01,34.0
2018-01-02,13.777777777777771
2018-01-03,15.333333333333329
2018-01-04,21.555555555555557
2018-01-05,18.444444444444443
2018-01-06,26.22222222222222
2018-01-07,29.333333333333336
2018-01-08,18.444444444444443
2018-01-09,24.66666666666667
2018-01-10,21.555555555555557
2018-01-11,10.666666666666671
2018-01-12,27.77777777777778
2018-01-13,35.55555555555556
2018-01-14,41.77777777777778
2018-01-15,41.77777777777778
2018-01-16,0.0
2018-01-17,0.0
2018-01-18,0.0
2018-01-19,18.444444444444443
2018-01-20,32.44444444444444
2018-01-21,38.666666666666664
2018-01-22,26.22222222222222
2018-01-23,29.333333333333336
2018-01-24,30.888888888888886
2018-01-25,30.888888888888886
2018-01-26,32.44444444444444
2018-01-27,44.888888888888886
2018-01-28,49.55555555555556
2018-01-29,46.44444444444444
2018-01-30,37.11111111111111
2018-01-31,32.44444444444444
2018-02-01,19.0
2018-02-02,30.02941176470588
2018-02-03,17.23529411764706
2018-02-04,13.264705882352942
2018-02-05,30.47058823529412
2018-02-06,37.970588235294116
2018-02-07,21.205882352941178
2018-02-08,17.676470588235297
2018-02-09,12.823529411764707
2018-02-10,9.735294117647062
2018-02-11,7.9705882352941195
2018-02-12,9.294117647058826
2018-02-13,8.411764705882355
2018-02-14,9.294117647058826
2018-02-15,8.85294117647059
2018-02-16,7.9705882352941195
2018-02-17,6.647058823529413
2018-02-18,6.647058823529413
2018-02-19,6.2058823529411775
2018-02-20,8.411764705882355
2018-02-21,7.9705882352941195
2018-02-22,6.2058823529411775
2018-02-23,5.323529411764708
2018-02-24,3.5588235294117663
2018-02-25,3.1176470588235308
2018-02-26,4.882352941176473
2018-02-27,5.323529411764708
2018-02-28,4.882352941176473
2018-03-01,15.0
2018-03-02,11.571428571428577
2018-03-03,13.285714285714285
2018-03-04,8.142857142857146
2018-03-05,11.0
2018-03-06,13.285714285714285
2018-03-07,24.142857142857146
2018-03-08,21.285714285714285
2018-03-09,28.714285714285715
2018-03-10,11.571428571428577
2018-03-11,11.0
2018-03-12,18.42857142857143
2018-03-13,11.571428571428577
2018-03-14,22.42857142857143
2018-03-15,31.0
2018-03-16,20.714285714285715
2018-03-17,14.42857142857143
2018-03-18,23.57142857142857
2018-03-19,20.142857142857146
2018-03-20,17.285714285714285
2018-03-21,15.571428571428577
2018-03-22,16.142857142857146
2018-03-23,9.857142857142861
2018-03-24,3.0000000000000036
2018-03-25,1.2857142857142883
2018-03-26,12.142857142857146
2018-03-27,13.857142857142861
2018-03-28,13.857142857142861
2018-03-29,18.42857142857143
2018-03-30,28.142857142857146
2018-03-31,12.142857142857146
2018-04-01,12.0
2018-04-02,13.565217391304348
2018-04-03,12.391304347826088
2018-04-04,12.0
2018-04-05,11.478260869565217
2018-04-06,11.869565217391305
2018-04-07,9.782608695652174
2018-04-08,9.130434782608695
2018-04-09,10.82608695652174
2018-04-10,10.82608695652174
2018-04-11,9.782608695652174
2018-04-12,12.652173913043478
2018-04-13,12.391304347826088
2018-04-14,9.652173913043478
2018-04-15,9.0
2018-04-16,9.91304347826087
2018-04-17,10.304347826086957
2018-04-18,10.956521739130435
2018-04-19,10.434782608695652
2018-04-20,10.043478260869566
2018-04-21,9.391304347826088
2018-04-22,9.521739130434783
2018-04-23,10.695652173913043
2018-04-24,12.91304347826087
2018-04-25,12.391304347826088
2018-04-26,10.434782608695652
2018-04-27,9.130434782608695
2018-04-28,7.695652173913044
2018-04-29,8.347826086956523
2018-04-30,8.347826086956523
2018-05-01,12.0
2018-05-02,12.0
2018-05-03,12.0
2018-05-04,12.0
2018-05-05,12.0
2018-05-06,12.0
2018-05-07,12.0
2018-05-08,12.0
2018-05-09,12.0
2018-05-10,12.0
2018-05-11,12.0
2018-05-12,12.0
2018-05-13,12.0
2018-05-14,12.0
2018-05-15,12.0
2018-05-16,12.0
2018-05-17,12.0
2018-05-18,12.0
2018-05-19,12.0
2018-05-20,12.0
2018-05-21,12.0
2018-05-22,12.0
2018-05-23,12.0
2018-05-24,12.0
2018-05-25,12.0
2018-05-26,12.0
2018-05-27,12.0
2018-05-28,12.0
2018-05-29,12.0
2018-05-30,12.0
2018-05-31,12.0
2018-06-01,10.999999999999998
2018-06-02,11.199999999999998
2018-06-03,11.599999999999998
2018-06-04,10.599999999999998
2018-06-05,10.199999999999998
2018-06-06,10.199999999999998
2018-06-07,10.799999999999997
2018-06-08,11.199999999999998
2018-06-09,12.799999999999999
2018-06-10,7.1999999999999975
2018-06-11,1.3999999999999986
2018-06-12,5.799999999999997
2018-06-13,3.599999999999998
2018-06-14,4.599999999999998
2018-06-15,8.199999999999998
2018-06-16,10.399999999999999
2018-06-17,10.999999999999998
2018-06-18,7.799999999999997
2018-06-19,8.999999999999998
2018-06-20,9.599999999999998
2018-06-21,9.799999999999997
2018-06-22,5.799999999999997
2018-06-23,8.399999999999999
2018-06-24,6.999999999999998
2018-06-25,7.999999999999998
2018-06-26,9.199999999999998
2018-06-27,8.199999999999998
2018-06-28,8.799999999999997
2018-06-29,3.9999999999999964
2018-06-30,7.399999999999999
2018-07-01,11.0
2018-07-02,11.0
2018-07-03,11.0
2018-07-04,11.0
2018-07-05,11.0
2018-07-06,11.0
2018-07-07,11.0
2018-07-08,11.0
2018-07-09,11.0
2018-07-10,11.0
2018-07-11,11.0
2018-07-12,11.0
2018-07-13,11.0
2018-07-14,11.0
2018-07-15,11.0
2018-07-16,11.0
2018-07-17,11.0
2018-07-18,11.0
2018-07-19,11.0
2018-07-20,11.0
2018-07-21,11.0
2018-07-22,11.0
2018-07-23,11.0
2018-07-24,11.0
2018-07-25,11.0
2018-07-26,11.0
2018-07-27,11.0
2018-07-28,11.0
2018-07-29,11.0
2018-07-30,11.0
2018-07-31,11.0
2018-08-01,9.0
2018-08-02,8.8
2018-08-03,9.6
2018-08-04,8.8
2018-08-05,7.699999999999999
2018-08-06,8.399999999999999
2018-08-07,8.5
2018-08-08,11.4
2018-08-09,9.399999999999999
2018-08-10,8.899999999999999
2018-08-11,9.399999999999999
2018-08-12,8.0
2018-08-13,9.3
2018-08-14,11.7
2018-08-15,10.6
2018-08-16,9.5
2018-08-17,8.8
2018-08-18,7.8
2018-08-19,6.8
2018-08-20,7.8
2018-08-21,8.3
2018-08-22,9.0
2018-08-23,8.1
2018-08-24,8.3
2018-08-25,8.1
2018-08-26,6.8
2018-08-27,8.399999999999999
2018-08-28,9.9
2018-08-29,8.1
2018-08-30,8.1
2018-08-31,7.3
2018-09-01,7.0
2018-09-02,8.0
2018-09-03,9.333333333333332
2018-09-04,9.333333333333332
2018-09-05,18.0
2018-09-06,21.33333333333333
2018-09-07,12.333333333333332
2018-09-08,9.333333333333332
2018-09-09,8.333333333333332
2018-09-10,11.333333333333332
2018-09-11,13.333333333333332
2018-09-12,14.333333333333332
2018-09-13,9.333333333333332
2018-09-14,8.0
2018-09-15,6.0
2018-09-16,3.666666666666666
2018-09-17,9.0
2018-09-18,8.666666666666664
2018-09-19,8.333333333333332
2018-09-20,8.666666666666664
2018-09-21,9.333333333333332
2018-09-22,7.666666666666664
2018-09-23,5.333333333333332
2018-09-24,6.0
2018-09-25,6.666666666666664
2018-09-26,8.0
2018-09-27,6.333333333333332
2018-09-28,6.333333333333332
2018-09-29,3.333333333333332
2018-09-30,2.666666666666666
2018-10-01,10.0
2018-10-02,11.5
2018-10-03,11.5
2018-10-04,16.0
2018-10-05,16.0
2018-10-06,23.5
2018-10-07,31.0
2018-10-08,17.5
2018-10-09,16.0
2018-10-10,0.0
2018-10-11,0.0
2018-10-12,0.0
2018-10-13,17.5
2018-10-14,22.0
2018-10-15,0.0
2018-10-16,0.0
2018-10-17,11.5
2018-10-18,13.0
2018-10-19,17.5
2018-10-20,32.5
2018-10-21,31.0
2018-10-22,20.5
2018-10-23,10.0
2018-10-24,11.5
2018-10-25,11.5
2018-10-26,19.0
2018-10-27,29.5
2018-10-28,32.5
2018-10-29,4.0
2018-10-30,17.5
2018-10-31,10.0
2018-11-01,10.0
2018-11-02,10.0
2018-11-03,10.0
2018-11-04,10.0
2018-11-05,10.0
2018-11-06,10.0
2018-11-07,10.0
2018-11-08,10.0
2018-11-09,10.0
2018-11-10,10.0
2018-11-11,10.0
2018-11-12,10.0
2018-11-13,10.0
2018-11-14,10.0
2018-11-15,10.0
2018-11-16,10.0
2018-11-17,10.0
2018-11-18,10.0
2018-11-19,10.0
2018-11-20,10.0
2018-11-21,10.0
2018-11-22,10.0
2018-11-23,10.0
2018-11-24,10.0
2018-11-25,10.0
2018-11-26,10.0
2018-11-27,10.0
2018-11-28,10.0
2018-11-29,10.0
2018-11-30,10.0
2018-12-01,7.0
2018-12-02,5.411764705882353
2018-12-03,9.117647058823529
2018-12-04,10.0
2018-12-05,8.411764705882353
2018-12-06,10.0
2018-12-07,13.882352941176471
2018-12-08,8.764705882352942
2018-12-09,7.882352941176471
2018-12-10,8.588235294117647
2018-12-11,8.411764705882353
2018-12-12,8.058823529411764
2018-12-13,8.588235294117647
2018-12-14,11.588235294117647
2018-12-15,8.764705882352942
2018-12-16,7.882352941176471
2018-12-17,10.0
2018-12-18,8.941176470588236
2018-12-19,11.058823529411764
2018-12-20,10.352941176470589
2018-12-21,9.470588235294118
2018-12-22,6.117647058823529
2018-12-23,6.117647058823529
2018-12-24,8.058823529411764
2018-12-25,7.529411764705882
2018-12-26,7.882352941176471
2018-12-27,7.705882352941176
2018-12-28,8.588235294117647
2018-12-29,5.411764705882353
2018-12-30,4.352941176470589
2018-12-31,5.411764705882353
2019-01-01,7.0
2019-01-02,7.0
2019-01-03,7.0
2019-01-04,7.0
2019-01-05,7.0
2019-01-06,7.0
2019-01-07,7.0
2019-01-08,7.0
2019-01-09,7.0
2019-01-10,7.0
2019-01-11,7.0
2019-01-12,7.0
2019-01-13,7.0
2019-01-14,7.0
2019-01-15,7.0
2019-01-16,7.0
2019-01-17,7.0
2019-01-18,7.0
2019-01-19,7.0
2019-01-20,7.0
2019-01-21,7.0
2019-01-22,7.0
2019-01-23,7.0
2019-01-24,7.0
2019-01-25,7.0
2019-01-26,7.0
2019-01-27,7.0
2019-01-28,7.0
2019-01-29,7.0
2019-01-30,7.0
2019-01-31,7.0
2019-02-01,6.0
2019-02-02,9.5
2019-02-03,8.5
2019-02-04,3.5
2019-02-05,0.0
2019-02-06,1.5
2019-02-07,3.5
2019-02-08,0.5
2019-02-09,2.0
2019-02-10,7.5
2019-02-11,4.5
2019-02-12,7.5
2019-02-13,6.0
2019-02-14,4.0
2019-02-15,7.0
2019-02-16,11.5
2019-02-17,12.0
2019-02-18,0.0
2019-02-19,0.0
2019-02-20,0.0
2019-02-21,1.0
2019-02-22,1.0
2019-02-23,0.0
2019-02-24,0.0
2019-02-25,0.0
2019-02-26,3.0
2019-02-27,2.5
2019-02-28,4.5
2019-03-01,9.0
2019-03-02,5.5
2019-03-03,4.25
2019-03-04,8.0
2019-03-05,8.5
2019-03-06,10.75
2019-03-07,7.5
2019-03-08,5.75
2019-03-09,8.0
2019-03-10,4.75
2019-03-11,8.0
2019-03-12,7.0
2019-03-13,7.0
2019-03-14,5.25
2019-03-15,5.5
2019-03-16,7.75
2019-03-17,5.25
2019-03-18,8.0
2019-03-19,9.25
2019-03-20,10.75
2019-03-21,9.0
2019-03-22,7.75
2019-03-23,4.75
2019-03-24,4.25
2019-03-25,4.5
2019-03-26,5.75
2019-03-27,10.0
2019-03-28,7.5
2019-03-29,5.75
2019-03-30,5.0
2019-03-31,6.5
2019-04-01,13.0
2019-04-02,0.0
2019-04-03,0.0
2019-04-04,0.0
2019-04-05,0.0
2019-04-06,3.6666666666666714
2019-04-07,2.3333333333333357
2019-04-08,0.0
2019-04-09,0.0
2019-04-10,0.0
2019-04-11,2.3333333333333357
2019-04-12,7.666666666666671
2019-04-13,14.333333333333336
2019-04-14,15.666666666666671
2019-04-15,11.666666666666671
2019-04-16,9.0
2019-04-17,5.0
2019-04-18,7.666666666666671
2019-04-19,10.333333333333336
2019-04-20,14.333333333333336
2019-04-21,11.666666666666671
2019-04-22,10.333333333333336
2019-04-23,0.0
2019-04-24,0.0
2019-04-25,7.666666666666671
2019-04-26,2.3333333333333357
2019-04-27,15.666666666666671
2019-04-28,19.66666666666667
2019-04-29,17.0
2019-04-30,19.66666666666667
2019-05-01,16.0
2019-05-02,16.0
2019-05-03,17.105263157894736
2019-05-04,16.473684210526315
2019-05-05,17.421052631578945
2019-05-06,16.63157894736842
2019-05-07,17.57894736842105
2019-05-08,17.57894736842105
2019-05-09,18.210526315789473
2019-05-10,19.0
2019-05-11,21.842105263157894
2019-05-12,22.94736842105263
2019-05-13,26.105263157894736
2019-05-14,26.89473684210526
2019-05-15,24.842105263157894
2019-05-16,22.631578947368418
2019-05-17,22.94736842105263
2019-05-18,19.473684210526315
2019-05-19,20.736842105263158
2019-05-20,21.05263157894737
2019-05-21,20.421052631578945
2019-05-22,20.105263157894736
2019-05-23,19.0
2019-05-24,18.842105263157894
2019-05-25,18.210526315789473
2019-05-26,18.684210526315788
2019-05-27,22.631578947368418
2019-05-28,21.210526315789473
2019-05-29,20.105263157894736
2019-05-30,20.89473684210526
2019-05-31,20.421052631578945
2019-06-01,14.0
2019-06-02,15.09090909090909
2019-06-03,14.545454545454543
2019-06-04,13.454545454545453
2019-06-05,14.909090909090908
2019-06-06,15.09090909090909
2019-06-07,15.09090909090909
2019-06-08,15.636363636363635
2019-06-09,15.454545454545453
2019-06-10,15.636363636363635
2019-06-11,15.272727272727272
2019-06-12,15.454545454545453
2019-06-13,15.09090909090909
2019-06-14,15.09090909090909
2019-06-15,15.272727272727272
2019-06-16,13.09090909090909
2019-06-17,13.09090909090909
2019-06-18,13.272727272727272
2019-06-19,14.0
2019-06-20,13.454545454545453
2019-06-21,12.18181818181818
2019-06-22,6.909090909090908
2019-06-23,11.272727272727272
2019-06-24,10.909090909090908
2019-06-25,10.363636363636363
2019-06-26,0.9090909090909065
2019-06-27,4.545454545454543
2019-06-28,8.909090909090908
2019-06-29,11.818181818181817
2019-06-30,12.363636363636363
2019-07-01,10.0
2019-07-02,10.88888888888889
2019-07-03,9.0
2019-07-04,7.666666666666667
2019-07-05,8.11111111111111
2019-07-06,6.222222222222222
2019-07-07,6.0
2019-07-08,7.888888888888889
2019-07-09,8.88888888888889
2019-07-10,9.88888888888889
2019-07-11,8.777777777777779
2019-07-12,9.444444444444445
2019-07-13,7.333333333333334
2019-07-14,7.555555555555556
2019-07-15,9.555555555555555
2019-07-16,9.666666666666666
2019-07-17,9.666666666666666
2019-07-18,8.88888888888889
2019-07-19,7.222222222222222
2019-07-20,6.111111111111112
2019-07-21,5.444444444444445
2019-07-22,6.444444444444445
2019-07-23,6.666666666666667
2019-07-24,7.333333333333334
2019-07-25,6.666666666666667
2019-07-26,6.111111111111112
2019-07-27,6.555555555555556
2019-07-28,5.111111111111112
2019-07-29,5.666666666666667
2019-07-30,5.555555555555556
2019-07-31,5.666666666666667
2019-08-01,8.0
2019-08-02,7.739130434782608
2019-08-03,7.739130434782608
2019-08-04,7.304347826086956
2019-08-05,10.695652173913043
2019-08-06,10.26086956521739
2019-08-07,9.043478260869566
2019-08-08,8.869565217391305
2019-08-09,7.913043478260869
2019-08-10,7.826086956521739
2019-08-11,6.695652173913043
2019-08-12,7.391304347826087
2019-08-13,7.6521739130434785
2019-08-14,8.956521739130434
2019-08-15,8.782608695652174
2019-08-16,7.565217391304348
2019-08-17,6.869565217391305
2019-08-18,7.391304347826087
2019-08-19,7.391304347826087
2019-08-20,7.130434782608695
2019-08-21,7.565217391304348
2019-08-22,7.304347826086956
2019-08-23,7.130434782608695
2019-08-24,6.782608695652174
2019-08-25,6.695652173913043
2019-08-26,7.043478260869565
2019-08-27,6.956521739130435
2019-08-28,7.6521739130434785
2019-08-29,8.086956521739129
2019-08-30,6.869565217391305
2019-08-31,6.0
2019-09-01,8.0
2019-09-02,8.0
2019-09-03,8.0
2019-09-04,8.0
2019-09-05,8.0
2019-09-06,8.0
2019-09-07,8.0
2019-09-08,8.0
2019-09-09,8.0
2019-09-10,8.0
2019-09-11,8.0
2019-09-12,8.0
2019-09-13,8.0
2019-09-14,8.0
2019-09-15,8.0
2019-09-16,8.0
2019-09-17,8.0
2019-09-18,8.0
2019-09-19,8.0
2019-09-20,8.0
2019-09-21,8.0
2019-09-22,8.0
2019-09-23,8.0
2019-09-24,8.0
2019-09-25,8.0
2019-09-26,8.0
2019-09-27,8.0
2019-09-28,8.0
2019-09-29,8.0
2019-09-30,8.0
2019-10-01,7.0
2019-10-02,6.625
2019-10-03,6.75
2019-10-04,5.5
2019-10-05,5.5
2019-10-06,5.875
2019-10-07,6.625
2019-10-08,5.75
2019-10-09,6.375
2019-10-10,6.0
2019-10-11,5.5
2019-10-12,5.0
2019-10-13,5.375
2019-10-14,5.875
2019-10-15,5.0
2019-10-16,5.5
2019-10-17,5.875
2019-10-18,5.625
2019-10-19,5.125
2019-10-20,5.375
2019-10-21,5.75
2019-10-22,5.125
2019-10-23,7.5
2019-10-24,6.875
2019-10-25,8.375
2019-10-26,12.5
2019-10-27,7.625
2019-10-28,8.0
2019-10-29,7.625
2019-10-30,6.875
2019-10-31,5.875
2019-11-01,7.0
2019-11-02,7.0
2019-11-03,7.0
2019-11-04,7.0
2019-11-05,7.0
2019-11-06,7.0
2019-11-07,7.0
2019-11-08,7.0
2019-11-09,7.0
2019-11-10,7.0
2019-11-11,7.0
2019-11-12,7.0
2019-11-13,7.0
2019-11-14,7.0
2019-11-15,7.0
2019-11-16,7.0
2019-11-17,7.0
2019-11-18,7.0
2019-11-19,7.0
2019-11-20,7.0
2019-11-21,7.0
2019-11-22,7.0
2019-11-23,7.0
2019-11-24,7.0
2019-11-25,7.0
2019-11-26,7.0
2019-11-27,7.0
2019-11-28,7.0
2019-11-29,7.0
2019-11-30,7.0
2019-12-01,8.0
2019-12-02,7.75
2019-12-03,6.5
2019-12-04,5.25
2019-12-05,5.25
2019-12-06,7.25
2019-12-07,7.25
2019-12-08,9.75
2019-12-09,8.5
2019-12-10,7.5
2019-12-11,7.0
2019-12-12,8.0
2019-12-13,8.75
2019-12-14,8.75
2019-12-15,8.5
2019-12-16,5.0
2019-12-17,1.75
2019-12-18,0.5
2019-12-19,5.25
2019-12-20,7.0
2019-12-21,9.0
2019-12-22,8.0
2019-12-23,5.5
2019-12-24,6.75
2019-12-25,7.5
2019-12-26,7.5
2019-12-27,7.75
2019-12-28,7.25
2019-12-29,8.0
2019-12-30,7.5
2019-12-31,8.0
2020-01-01,10.0
2020-01-02,10.375
2020-01-03,12.5
2020-01-04,11.5
2020-01-05,10.875
2020-01-06,11.25
2020-01-07,14.375
2020-01-08,14.875
2020-01-09,11.25
2020-01-10,12.25
2020-01-11,11.625
2020-01-12,9.75
2020-01-13,11.0
2020-01-14,15.125
2020-01-15,14.5
2020-01-16,12.0
2020-01-17,12.375
2020-01-18,12.75
2020-01-19,12.375
2020-01-20,12.5
2020-01-21,10.5
2020-01-22,11.75
2020-01-23,12.375
2020-01-24,10.75
2020-01-25,9.875
2020-01-26,9.375
2020-01-27,11.125
2020-01-28,12.75
2020-01-29,13.125
2020-01-30,13.375
2020-01-31,12.625
2020-02-01,12.0
2020-02-02,12.399999999999999
2020-02-03,15.599999999999998
2020-02-04,16.4
2020-02-05,20.400000000000002
2020-02-06,16.4
2020-02-07,15.599999999999998
2020-02-08,15.2
2020-02-09,27.599999999999998
2020-02-10,19.599999999999998
2020-02-11,22.400000000000002
2020-02-12,23.599999999999998
2020-02-13,20.8
2020-02-14,19.2
2020-02-15,19.2
2020-02-16,18.4
2020-02-17,18.4
2020-02-18,17.599999999999998
2020-02-19,23.599999999999998
2020-02-20,18.4
2020-02-21,15.599999999999998
2020-02-22,10.8
2020-02-23,13.599999999999998
2020-02-24,18.4
2020-02-25,17.599999999999998
2020-02-26,22.8
2020-02-27,23.999999999999996
2020-02-28,22.8
2020-02-29,16.8
2020-03-01,10.0
2020-03-02,7.5
2020-03-03,9.5
2020-03-04,10.5
2020-03-05,9.5
2020-03-06,10.0
2020-03-07,9.5
2020-03-08,9.0
2020-03-09,0.0
2020-03-10,6.0
2020-03-11,7.0
2020-03-12,0.0
2020-03-13,0.0
2020-03-14,0.0
2020-03-15,0.5
2020-03-16,0.0
2020-03-17,0.0
2020-03-18,0.0
2020-03-19,0.0
2020-03-20,0.0
2020-03-21,3.0
2020-03-22,3.0
2020-03-23,0.5
2020-03-24,1.5
2020-03-25,2.5
2020-03-26,5.5
2020-03-27,5.5
2020-03-28,6.0
2020-03-29,7.0
2020-03-30,6.5
2020-03-31,9.5
